workout_id,lesson_id,user_id,leaderboard_position,total_points,state,app_type,app_tracker,studio_id,lesson_name,created_at
4745837,1394,477774,1,1910.3999,COMPLETED,ios,TICKR X 6485,CARDIO,Intervals #36,2020-11-07T09:30:01.137Z
4745987,1394,12305,2,1869.0052,COMPLETED,ios,APPLE_WATCH,CARDIO,Intervals #36,2020-11-07T09:30:11.522Z
4745915,1394,417904,3,1855.4762,COMPLETED,ios,APPLE_WATCH,CARDIO,Intervals #36,2020-11-07T09:30:02.697Z
4745833,1394,259936,4,1810.2573,COMPLETED,ios,APPLE_WATCH,CARDIO,Intervals #36,2020-11-07T09:30:01.118Z
4745876,1394,429685,5,1800.0208,COMPLETED,ios,TICKR X 49AE,CARDIO,Intervals #36,2020-11-07T09:30:01.588Z
4746006,1394,44676,6,1799.1444,COMPLETED,ios,TICKR X F249,CARDIO,Intervals #36,2020-11-07T09:30:14.039Z
4745746,1394,138509,7,1773.367,COMPLETED,ios,FIIT AF1CD9,CARDIO,Intervals #36,2020-11-07T09:30:00.746Z
4745878,1394,63116,8,1772.4712,COMPLETED,ios,APPLE_WATCH,CARDIO,Intervals #36,2020-11-07T09:30:01.595Z
4745877,1394,66294,9,1764.3152,COMPLETED,ios,TICKR X 3E76,CARDIO,Intervals #36,2020-11-07T09:30:01.588Z
4745854,1394,27643,10,1763.3688,COMPLETED,ios,TICKR X 3B25,CARDIO,Intervals #36,2020-11-07T09:30:01.27Z
4745934,1394,486243,11,1751.0466,COMPLETED,android,heart rate sensor,CARDIO,Intervals #36,2020-11-07T09:30:03.398Z
4746017,1394,166446,12,1757.615,COMPLETED,ios,FIIT 270DF7,CARDIO,Intervals #36,2020-11-07T09:30:17.169Z
4745871,1394,19839,13,1738.8638,COMPLETED,ios,APPLE_WATCH,CARDIO,Intervals #36,2020-11-07T09:30:01.516Z
4745803,1394,418512,14,1730.3561,COMPLETED,ios,FIIT 51D3DE,CARDIO,Intervals #36,2020-11-07T09:30:00.969Z
4745748,1394,559924,14,1729.535,COMPLETED,ios,APPLE_WATCH,CARDIO,Intervals #36,2020-11-07T09:30:00.751Z
4745958,1394,465019,16,1729.3202,COMPLETED,ios,FIIT BCB0E3,CARDIO,Intervals #36,2020-11-07T09:30:10.918Z
4745788,1394,475829,17,1728.1046,COMPLETED,ios,APPLE_WATCH,CARDIO,Intervals #36,2020-11-07T09:30:00.908Z
4745867,1394,123320,17,1728.1086,COMPLETED,ios,TICKR X 794C,CARDIO,Intervals #36,2020-11-07T09:30:01.42Z
4746014,1394,383927,19,1733.9868,COMPLETED,ios,APPLE_WATCH,CARDIO,Intervals #36,2020-11-07T09:30:16.83Z
4745759,1394,12936,20,1706.8328,COMPLETED,ios,TICKR X 9AF9,CARDIO,Intervals #36,2020-11-07T09:30:00.779Z
4745836,1394,63592,21,1703.0956,COMPLETED,ios,TICKR X 2754,CARDIO,Intervals #36,2020-11-07T09:30:01.137Z
4745812,1394,64330,22,1702.056,COMPLETED,ios,TICKR X 2493,CARDIO,Intervals #36,2020-11-07T09:30:01.007Z
4746015,1394,24467,23,1707.7819,COMPLETED,ios,TICKR X 87EB,CARDIO,Intervals #36,2020-11-07T09:30:16.874Z
4745824,1394,449882,24,1695.2689,COMPLETED,ios,FIIT 710F0C,CARDIO,Intervals #36,2020-11-07T09:30:01.056Z
4745726,1394,494357,24,1694.7935,COMPLETED,ios,TICKR X 2CD0,CARDIO,Intervals #36,2020-11-07T09:30:00.63Z
4745900,1394,525099,26,1692.6804,COMPLETED,ios,APPLE_WATCH,CARDIO,Intervals #36,2020-11-07T09:30:01.894Z
4745734,1394,231988,26,1692.5648,COMPLETED,ios,APPLE_WATCH,CARDIO,Intervals #36,2020-11-07T09:30:00.682Z
4746019,1394,546276,28,1697.6554,COMPLETED,ios,APPLE_WATCH,CARDIO,Intervals #36,2020-11-07T09:30:17.212Z
4745849,1394,254371,28,1692.3198,COMPLETED,ios,TICKR X 291A,CARDIO,Intervals #36,2020-11-07T09:30:01.189Z
4745855,1394,87152,30,1691.4657,COMPLETED,ios,TICKR X C427,CARDIO,Intervals #36,2020-11-07T09:30:01.27Z
4745820,1394,78451,31,1689.8479,COMPLETED,ios,TICKR X B897,CARDIO,Intervals #36,2020-11-07T09:30:01.034Z
4745881,1394,233171,32,1689.4359,COMPLETED,ios,TICKR X 2DC6,CARDIO,Intervals #36,2020-11-07T09:30:01.638Z
4745903,1394,197991,33,1678.3474,COMPLETED,ios,TICKR X B917,CARDIO,Intervals #36,2020-11-07T09:30:02.132Z
4745782,1394,304005,34,1673.0558,COMPLETED,ios,APPLE_WATCH,CARDIO,Intervals #36,2020-11-07T09:30:00.879Z
4745727,1394,39011,35,1672.499,COMPLETED,ios,TICKR X 1BAB,CARDIO,Intervals #36,2020-11-07T09:30:00.64Z
4745846,1394,1101,36,1669.2666,COMPLETED,ios,APPLE_WATCH,CARDIO,Intervals #36,2020-11-07T09:30:01.167Z
4745802,1394,151020,37,1667.6886,COMPLETED,ios,TICKR X 188D,CARDIO,Intervals #36,2020-11-07T09:30:00.965Z
4745784,1394,102452,38,1664.7798,COMPLETED,ios,APPLE_WATCH,CARDIO,Intervals #36,2020-11-07T09:30:00.896Z
4745868,1394,1026,39,1661.0405,COMPLETED,ios,APPLE_WATCH,CARDIO,Intervals #36,2020-11-07T09:30:01.435Z
4745884,1394,340293,40,1660.295,COMPLETED,ios,APPLE_WATCH,CARDIO,Intervals #36,2020-11-07T09:30:01.672Z
4745798,1394,220441,41,1655.834,COMPLETED,ios,TICKR X 71A2,CARDIO,Intervals #36,2020-11-07T09:30:00.957Z
4745869,1394,370998,42,1655.2361,COMPLETED,ios,TICKR X 2847,CARDIO,Intervals #36,2020-11-07T09:30:01.446Z
4745789,1394,195701,43,1653.5309,COMPLETED,ios,TICKR X 2F4D,CARDIO,Intervals #36,2020-11-07T09:30:00.912Z
4745772,1394,146290,44,1646.8745,COMPLETED,ios,TICKR X 68EB,CARDIO,Intervals #36,2020-11-07T09:30:00.825Z
4745758,1394,336317,45,1644.4288,COMPLETED,ios,TICKR X 2B93,CARDIO,Intervals #36,2020-11-07T09:30:00.773Z
4745928,1394,364842,46,1641.158,COMPLETED,android,TICKR X 63B7,CARDIO,Intervals #36,2020-11-07T09:30:03.183Z
4745968,1394,480644,47,1641.7437,COMPLETED,ios,Polar H10 4F812D2D,CARDIO,Intervals #36,2020-11-07T09:30:11.263Z
4745729,1394,112858,48,1639.1832,COMPLETED,ios,TICKR X D7B6,CARDIO,Intervals #36,2020-11-07T09:30:00.643Z
4745785,1394,308101,49,1638.04,COMPLETED,ios,TICKR X 065D,CARDIO,Intervals #36,2020-11-07T09:30:00.902Z
4745763,1394,21153,49,1638.325,COMPLETED,ios,FIIT 1F907C,CARDIO,Intervals #36,2020-11-07T09:30:00.796Z
4745778,1394,156190,51,1632.4388,COMPLETED,ios,TICKR X 9DBC,CARDIO,Intervals #36,2020-11-07T09:30:00.851Z
4745786,1394,424649,51,1631.3589,COMPLETED,ios,TICKR X 2CB9,CARDIO,Intervals #36,2020-11-07T09:30:00.907Z
4745807,1394,457345,53,1630.1234,COMPLETED,ios,TICKR X 6A36,CARDIO,Intervals #36,2020-11-07T09:30:00.99Z
4745764,1394,14094,54,1626.8151,COMPLETED,ios,TICKR X 50D4,CARDIO,Intervals #36,2020-11-07T09:30:00.799Z
4745895,1394,308439,55,1626.4418,COMPLETED,ios,APPLE_WATCH,CARDIO,Intervals #36,2020-11-07T09:30:01.862Z
4745940,1394,458968,56,1621.5471,COMPLETED,android,TICKR X 2DC9,CARDIO,Intervals #36,2020-11-07T09:30:03.867Z
4745813,1394,401846,57,1622.4879,COMPLETED,ios,TICKR 6CCE,CARDIO,Intervals #36,2020-11-07T09:30:01.014Z
4745738,1394,25082,58,1618.7657,COMPLETED,ios,APPLE_WATCH,CARDIO,Intervals #36,2020-11-07T09:30:00.697Z
4745925,1394,418821,58,1616.7542,COMPLETED,android,TICKR X 2E1E,CARDIO,Intervals #36,2020-11-07T09:30:03.12Z
4745995,1394,320610,60,1609.7682,COMPLETED,android,FIIT 35809B,CARDIO,Intervals #36,2020-11-07T09:30:12.075Z
4745979,1394,298659,61,1607.4893,COMPLETED,ios,TICKR X D155,CARDIO,Intervals #36,2020-11-07T09:30:11.355Z
4745924,1394,412245,61,1604.7766,COMPLETED,android,FIIT 71A295,CARDIO,Intervals #36,2020-11-07T09:30:03.108Z
4745921,1394,305488,63,1599.3989,COMPLETED,android,TICKR X BF06,CARDIO,Intervals #36,2020-11-07T09:30:02.959Z
4745937,1394,392519,63,1600.3892,COMPLETED,android,TICKR X 4ACA,CARDIO,Intervals #36,2020-11-07T09:30:03.684Z
4746005,1394,328429,65,1594.2126,COMPLETED,ios,TICKR X C4BF,CARDIO,Intervals #36,2020-11-07T09:30:13.78Z
4745964,1394,118535,66,1591.7316,COMPLETED,ios,TICKR X 3084,CARDIO,Intervals #36,2020-11-07T09:30:11.179Z
4745953,1394,442166,66,1591.5513,COMPLETED,ios,APPLE_WATCH,CARDIO,Intervals #36,2020-11-07T09:30:10.797Z
4745973,1394,484591,68,1591.0005,COMPLETED,ios,Polar H10 2E038A2F,CARDIO,Intervals #36,2020-11-07T09:30:11.305Z
4745733,1394,398398,68,1591.2067,COMPLETED,ios,FIIT 268153,CARDIO,Intervals #36,2020-11-07T09:30:00.68Z
4745757,1394,418830,70,1590.0718,COMPLETED,ios,APPLE_WATCH,CARDIO,Intervals #36,2020-11-07T09:30:00.768Z
4746025,1394,464739,70,1597.6249,COMPLETED,ios,TICKR X 2E19,CARDIO,Intervals #36,2020-11-07T09:30:17.55Z
4745844,1394,151979,72,1601.0107,COMPLETED,ios,TICKR X 6150,CARDIO,Intervals #36,2020-11-07T09:30:01.164Z
4745809,1394,505088,72,1586.3403,COMPLETED,ios,TICKR X 4A92,CARDIO,Intervals #36,2020-11-07T09:30:00.994Z
4745825,1394,19393,74,1584.3336,COMPLETED,ios,FIIT 0B8258,CARDIO,Intervals #36,2020-11-07T09:30:01.059Z
4745768,1394,98286,75,1576.3584,COMPLETED,ios,TICKR X C65D,CARDIO,Intervals #36,2020-11-07T09:30:00.803Z
4745827,1394,15301,76,1574.2318,COMPLETED,ios,TICKR X 23B6,CARDIO,Intervals #36,2020-11-07T09:30:01.07Z
4745832,1394,241784,77,1572.712,COMPLETED,ios,APPLE_WATCH,CARDIO,Intervals #36,2020-11-07T09:30:01.113Z
4745834,1394,298123,78,1571.2588,COMPLETED,ios,TICKR X 42C5,CARDIO,Intervals #36,2020-11-07T09:30:01.135Z
4745880,1394,229463,79,1568.993,COMPLETED,ios,TICKR X 2518,CARDIO,Intervals #36,2020-11-07T09:30:01.622Z
4745862,1394,390598,79,1569.9553,COMPLETED,ios,TICKR X 256C,CARDIO,Intervals #36,2020-11-07T09:30:01.373Z
4745957,1394,502587,79,1569.4414,COMPLETED,ios,APPLE_WATCH,CARDIO,Intervals #36,2020-11-07T09:30:10.889Z
4745879,1394,193069,82,1567.9521,COMPLETED,ios,TICKR X A3BA,CARDIO,Intervals #36,2020-11-07T09:30:01.611Z
4745774,1394,451058,83,1566.0719,COMPLETED,ios,FIIT 1559E1,CARDIO,Intervals #36,2020-11-07T09:30:00.832Z
4745744,1394,4842,84,1561.1764,COMPLETED,ios,TICKR X 2055,CARDIO,Intervals #36,2020-11-07T09:30:00.739Z
4745800,1394,26547,85,1557.1292,COMPLETED,ios,MYZONE-0001694856,CARDIO,Intervals #36,2020-11-07T09:30:00.958Z
4745767,1394,270827,86,1550.4878,COMPLETED,ios,TICKR 7659,CARDIO,Intervals #36,2020-11-07T09:30:00.802Z
4745856,1394,55168,86,1550.1849,COMPLETED,ios,TICKR X 2751,CARDIO,Intervals #36,2020-11-07T09:30:01.289Z
4745955,1394,480632,88,1548.8136,COMPLETED,ios,TICKR X 6885,CARDIO,Intervals #36,2020-11-07T09:30:10.822Z
4745978,1394,51329,89,1547.7292,COMPLETED,ios,APPLE_WATCH,CARDIO,Intervals #36,2020-11-07T09:30:11.331Z
4745961,1394,512050,90,1477.3585,QUIT,ios,APPLE_WATCH,CARDIO,Intervals #36,2020-11-07T09:30:11.079Z
4745907,1394,47417,91,1545.941,COMPLETED,ios,TICKR X 4C09,CARDIO,Intervals #36,2020-11-07T09:30:02.285Z
4745996,1394,217008,92,1544.5287,COMPLETED,ios,APPLE_WATCH,CARDIO,Intervals #36,2020-11-07T09:30:12.174Z
4745991,1394,484401,93,1548.5955,COMPLETED,ios,TICKR X 1EEC,CARDIO,Intervals #36,2020-11-07T09:30:11.721Z
4745962,1394,92685,93,1545.3079,COMPLETED,ios,TICKR X 45AB,CARDIO,Intervals #36,2020-11-07T09:30:11.125Z
4745850,1394,414530,95,1538.3031,COMPLETED,ios,TICKR X 75F7,CARDIO,Intervals #36,2020-11-07T09:30:01.202Z
4745983,1394,308093,96,1540.4985,COMPLETED,ios,TICKR X E113,CARDIO,Intervals #36,2020-11-07T09:30:11.399Z
4745933,1394,282532,97,1530.3276,COMPLETED,android,FIIT 9F705B,CARDIO,Intervals #36,2020-11-07T09:30:03.278Z
4746002,1394,304353,98,1528.5057,COMPLETED,android,TICKR X 285F,CARDIO,Intervals #36,2020-11-07T09:30:12.88Z
4745888,1394,29149,99,1530.405,COMPLETED,ios,TICKR X 7AFE,CARDIO,Intervals #36,2020-11-07T09:30:01.748Z
4745791,1394,116828,100,1529.4788,COMPLETED,ios,TICKR X 553F,CARDIO,Intervals #36,2020-11-07T09:30:00.937Z
4745750,1394,510830,101,1526.3864,COMPLETED,ios,APPLE_WATCH,CARDIO,Intervals #36,2020-11-07T09:30:00.753Z
4745999,1394,419461,102,1531.1554,COMPLETED,ios,APPLE_WATCH,CARDIO,Intervals #36,2020-11-07T09:30:12.521Z
4745755,1394,111377,103,1519.2115,COMPLETED,ios,TICKR X 7603,CARDIO,Intervals #36,2020-11-07T09:30:00.759Z
4745806,1394,264102,104,1514.0957,COMPLETED,ios,TICKR X 7C68,CARDIO,Intervals #36,2020-11-07T09:30:00.982Z
4746011,1394,494648,104,1520.4664,COMPLETED,ios,MYZONE-0001023622,CARDIO,Intervals #36,2020-11-07T09:30:16.766Z
4745823,1394,517781,106,1511.8663,COMPLETED,ios,TICKR 1E0F,CARDIO,Intervals #36,2020-11-07T09:30:01.055Z
4745811,1394,202963,107,1508.5063,COMPLETED,ios,TICKR X C46B,CARDIO,Intervals #36,2020-11-07T09:30:01.003Z
4745756,1394,8725,108,1507.856,COMPLETED,ios,TICKR X E41E,CARDIO,Intervals #36,2020-11-07T09:30:00.769Z
4745780,1394,1893,109,1500.3059,COMPLETED,ios,APPLE_WATCH,CARDIO,Intervals #36,2020-11-07T09:30:00.858Z
4745864,1394,497304,110,1502.6456,COMPLETED,ios,TICKR X 101E,CARDIO,Intervals #36,2020-11-07T09:30:01.396Z
4745917,1394,258951,111,,STARTED,android,TICKR X 7C74,CARDIO,Intervals #36,2020-11-07T09:30:02.818Z
4745872,1394,474206,112,1495.3523,COMPLETED,ios,TICKR X 06E1,CARDIO,Intervals #36,2020-11-07T09:30:01.525Z
4745965,1394,426322,113,1493.6552,COMPLETED,ios,TICKR X 77D1,CARDIO,Intervals #36,2020-11-07T09:30:11.193Z
4745982,1394,32625,113,1494.506,COMPLETED,ios,APPLE_WATCH,CARDIO,Intervals #36,2020-11-07T09:30:11.39Z
4746004,1394,380584,115,1491.2393,COMPLETED,android,Versa 2,CARDIO,Intervals #36,2020-11-07T09:30:13.556Z
4745783,1394,449337,116,1489.6132,COMPLETED,ios,TICKR X EEE0,CARDIO,Intervals #36,2020-11-07T09:30:00.894Z
4745770,1394,34526,117,1488.9392,COMPLETED,ios,TICKR X 1CC1,CARDIO,Intervals #36,2020-11-07T09:30:00.821Z
4745728,1394,93186,118,1482.0823,COMPLETED,ios,APPLE_WATCH,CARDIO,Intervals #36,2020-11-07T09:30:00.64Z
4746020,1394,17316,119,1479.9746,COMPLETED,ios,APPLE_WATCH,CARDIO,Intervals #36,2020-11-07T09:30:17.317Z
4745927,1394,256236,119,1477.7863,COMPLETED,android,TICKR X 858D,CARDIO,Intervals #36,2020-11-07T09:30:03.179Z
4745989,1394,236693,121,1479.1461,COMPLETED,ios,APPLE_WATCH,CARDIO,Intervals #36,2020-11-07T09:30:11.571Z
4745976,1394,506610,122,1477.7041,COMPLETED,ios,TICKR X 2DE1,CARDIO,Intervals #36,2020-11-07T09:30:11.325Z
4745773,1394,291247,123,1474.2399,COMPLETED,ios,FIIT 8407C4,CARDIO,Intervals #36,2020-11-07T09:30:00.824Z
4745975,1394,396437,124,1481.6111,COMPLETED,ios,APPLE_WATCH,CARDIO,Intervals #36,2020-11-07T09:30:11.312Z
4745781,1394,462914,125,1470.2096,COMPLETED,ios,APPLE_WATCH,CARDIO,Intervals #36,2020-11-07T09:30:00.861Z
4745896,1394,266639,126,1469.1304,COMPLETED,ios,FIIT D54B9E,CARDIO,Intervals #36,2020-11-07T09:30:01.864Z
4745741,1394,3523,127,1464.3269,COMPLETED,ios,TICKR X 532E,CARDIO,Intervals #36,2020-11-07T09:30:00.708Z
4745801,1394,377594,128,1462.8904,COMPLETED,ios,TICKR X 91BA,CARDIO,Intervals #36,2020-11-07T09:30:00.962Z
4745810,1394,221866,128,1463.1154,COMPLETED,ios,APPLE_WATCH,CARDIO,Intervals #36,2020-11-07T09:30:01.001Z
4745739,1394,391776,130,1462.2908,COMPLETED,ios,TICKR X 287A,CARDIO,Intervals #36,2020-11-07T09:30:00.701Z
4745793,1394,466539,131,1458.6471,COMPLETED,ios,TICKR X 1852,CARDIO,Intervals #36,2020-11-07T09:30:00.945Z
4745866,1394,165166,132,1458.0786,COMPLETED,ios,TICKR X FA4D,CARDIO,Intervals #36,2020-11-07T09:30:01.415Z
4745842,1394,407963,133,1455.2408,COMPLETED,ios,Versa,CARDIO,Intervals #36,2020-11-07T09:30:01.155Z
4745731,1394,327349,134,1453.9261,COMPLETED,ios,TICKR X 93FF,CARDIO,Intervals #36,2020-11-07T09:30:00.657Z
4745914,1394,168930,135,1452.4019,COMPLETED,ios,APPLE_WATCH,CARDIO,Intervals #36,2020-11-07T09:30:02.425Z
4745891,1394,398735,136,1451.17,COMPLETED,ios,APPLE_WATCH,CARDIO,Intervals #36,2020-11-07T09:30:01.82Z
4745912,1394,243665,136,1449.5609,COMPLETED,android,FIIT C293AC,CARDIO,Intervals #36,2020-11-07T09:30:02.39Z
4745753,1394,555965,136,1450.814,COMPLETED,ios,APPLE_WATCH,CARDIO,Intervals #36,2020-11-07T09:30:00.755Z
4745908,1394,427281,139,1449.4075,COMPLETED,ios,TICKR X E6E0,CARDIO,Intervals #36,2020-11-07T09:30:02.288Z
4745822,1394,477020,139,1467.0952,COMPLETED,ios,FIIT 875655,CARDIO,Intervals #36,2020-11-07T09:30:01.054Z
4745981,1394,227335,141,1448.0657,COMPLETED,ios,APPLE_WATCH,CARDIO,Intervals #36,2020-11-07T09:30:11.374Z
4745911,1394,151426,142,1446.4911,COMPLETED,ios,TICKR X 5EF1,CARDIO,Intervals #36,2020-11-07T09:30:02.379Z
4745819,1394,118450,142,1446.1084,COMPLETED,ios,TICKR X A36C,CARDIO,Intervals #36,2020-11-07T09:30:01.032Z
4745974,1394,542404,144,1441.4922,COMPLETED,ios,APPLE_WATCH,CARDIO,Intervals #36,2020-11-07T09:30:11.312Z
4745792,1394,55317,145,1450.9191,COMPLETED,ios,FIIT B193BD,CARDIO,Intervals #36,2020-11-07T09:30:00.941Z
4745839,1394,158761,146,1434.9401,COMPLETED,ios,FIIT 38A748,CARDIO,Intervals #36,2020-11-07T09:30:01.14Z
4746001,1394,72241,147,1441.0421,COMPLETED,ios,TICKR X AFED,CARDIO,Intervals #36,2020-11-07T09:30:12.665Z
4745949,1394,119887,148,1438.8936,COMPLETED,ios,TICKR X E886,CARDIO,Intervals #36,2020-11-07T09:30:10.543Z
4745735,1394,525134,149,1427.0016,COMPLETED,ios,APPLE_WATCH,CARDIO,Intervals #36,2020-11-07T09:30:00.685Z
4745745,1394,141065,150,1425.6145,COMPLETED,ios,TICKR X EA6B,CARDIO,Intervals #36,2020-11-07T09:30:00.748Z
4745951,1394,316971,151,1426.2402,COMPLETED,ios,TICKR X CDFB,CARDIO,Intervals #36,2020-11-07T09:30:10.72Z
4745851,1394,246500,152,1418.3158,COMPLETED,ios,APPLE_WATCH,CARDIO,Intervals #36,2020-11-07T09:30:01.214Z
4745967,1394,489438,153,1417.856,COMPLETED,ios,TICKR X BB79,CARDIO,Intervals #36,2020-11-07T09:30:11.226Z
4745963,1394,257687,154,1406.7708,COMPLETED,ios,TICKR X 2D0B,CARDIO,Intervals #36,2020-11-07T09:30:11.175Z
4745749,1394,544111,155,1403.7097,COMPLETED,ios,FIIT 4747FA,CARDIO,Intervals #36,2020-11-07T09:30:00.752Z
4745790,1394,211154,156,1400.8639,COMPLETED,ios,APPLE_WATCH,CARDIO,Intervals #36,2020-11-07T09:30:00.926Z
4745799,1394,386033,157,1399.2902,COMPLETED,ios,APPLE_WATCH,CARDIO,Intervals #36,2020-11-07T09:30:00.959Z
4745828,1394,28542,158,1396.61,COMPLETED,ios,TICKR X 863A,CARDIO,Intervals #36,2020-11-07T09:30:01.075Z
4745795,1394,182652,159,1393.7649,COMPLETED,ios,APPLE_WATCH,CARDIO,Intervals #36,2020-11-07T09:30:00.947Z
4745817,1394,193386,160,1392.2891,COMPLETED,ios,TICKR X 8B5E,CARDIO,Intervals #36,2020-11-07T09:30:01.03Z
4745831,1394,471706,161,1390.9556,COMPLETED,ios,APPLE_WATCH,CARDIO,Intervals #36,2020-11-07T09:30:01.103Z
4745860,1394,494175,162,1391.9312,COMPLETED,ios,TICKR X A947,CARDIO,Intervals #36,2020-11-07T09:30:01.327Z
4746023,1394,59088,163,1382.2659,COMPLETED,ios,TICKR X F9BB,CARDIO,Intervals #36,2020-11-07T09:30:17.429Z
4745765,1394,503172,164,1379.6104,COMPLETED,ios,TICKR X 483F,CARDIO,Intervals #36,2020-11-07T09:30:00.8Z
4745883,1394,30500,165,1379.8857,COMPLETED,ios,TICKR X 32D3,CARDIO,Intervals #36,2020-11-07T09:30:01.668Z
4745902,1394,187104,165,1379.4104,COMPLETED,ios,TICKR X 7122,CARDIO,Intervals #36,2020-11-07T09:30:02.127Z
4745985,1394,406646,167,1376.3916,COMPLETED,ios,TICKR X 294B,CARDIO,Intervals #36,2020-11-07T09:30:11.511Z
4745853,1394,469046,168,1375.248,COMPLETED,ios,APPLE_WATCH,CARDIO,Intervals #36,2020-11-07T09:30:01.263Z
4745725,1394,416477,169,1373.5388,COMPLETED,ios,FIIT CC2D91,CARDIO,Intervals #36,2020-11-07T09:30:00.627Z
4745848,1394,269942,170,1370.9193,COMPLETED,ios,Polar H10 E2B7F71B,CARDIO,Intervals #36,2020-11-07T09:30:01.173Z
4745737,1394,66047,171,1368.7401,COMPLETED,ios,TICKR X 81B3,CARDIO,Intervals #36,2020-11-07T09:30:00.699Z
4745815,1394,37441,172,1367.6838,COMPLETED,ios,TICKR X 0C04,CARDIO,Intervals #36,2020-11-07T09:30:01.016Z
4746022,1394,503303,173,1378.3679,COMPLETED,ios,TICKR X 4998,CARDIO,Intervals #36,2020-11-07T09:30:17.378Z
4745841,1394,219894,174,1353.9984,COMPLETED,ios,TICKR X EC0A,CARDIO,Intervals #36,2020-11-07T09:30:01.154Z
4745760,1394,378772,175,1347.4514,COMPLETED,ios,TICKR X 3F4E,CARDIO,Intervals #36,2020-11-07T09:30:00.781Z
4745947,1394,476343,176,1340.383,COMPLETED,android,FIIT 73C0C2,CARDIO,Intervals #36,2020-11-07T09:30:08.779Z
4745873,1394,311856,177,1336.0383,COMPLETED,ios,FIIT C64CEC,CARDIO,Intervals #36,2020-11-07T09:30:01.539Z
4745861,1394,499712,178,1330.6829,COMPLETED,ios,TICKR X 246F,CARDIO,Intervals #36,2020-11-07T09:30:01.346Z
4745899,1394,394534,179,1328.4312,COMPLETED,ios,APPLE_WATCH,CARDIO,Intervals #36,2020-11-07T09:30:01.884Z
4745910,1394,376188,180,1326.7561,COMPLETED,ios,TICKR X 12B4,CARDIO,Intervals #36,2020-11-07T09:30:02.296Z
4745952,1394,469447,181,1320.2102,COMPLETED,ios,TICKR X 0672,CARDIO,Intervals #36,2020-11-07T09:30:10.758Z
4745986,1394,259801,181,1331.3732,COMPLETED,ios,TICKR X 5B66,CARDIO,Intervals #36,2020-11-07T09:30:11.516Z
4745993,1394,240500,183,1317.7838,COMPLETED,ios,TICKR X 2B01,CARDIO,Intervals #36,2020-11-07T09:30:11.813Z
4745796,1394,551438,184,1306.6149,COMPLETED,ios,APPLE_WATCH,CARDIO,Intervals #36,2020-11-07T09:30:00.951Z
4745754,1394,75376,185,1304.9187,COMPLETED,ios,APPLE_WATCH,CARDIO,Intervals #36,2020-11-07T09:30:00.756Z
4745920,1394,34265,186,1294.6432,COMPLETED,android,TICKR X E779,CARDIO,Intervals #36,2020-11-07T09:30:02.949Z
4745941,1394,417444,187,1286.6748,COMPLETED,android,TICKR X 8F69,CARDIO,Intervals #36,2020-11-07T09:30:04.07Z
4745980,1394,72700,188,1288.787,COMPLETED,ios,TICKR X B91A,CARDIO,Intervals #36,2020-11-07T09:30:11.368Z
4745898,1394,509430,189,1282.8696,COMPLETED,ios,MYZONE-0003188231,CARDIO,Intervals #36,2020-11-07T09:30:01.868Z
4745775,1394,418533,190,1281.1649,COMPLETED,ios,TICKR X 602D,CARDIO,Intervals #36,2020-11-07T09:30:00.841Z
4745845,1394,495580,191,1271.6649,COMPLETED,ios,MYZONE-0001730488,CARDIO,Intervals #36,2020-11-07T09:30:01.165Z
4745997,1394,493078,192,1247.5525,COMPLETED,ios,TICKR X B9A9,CARDIO,Intervals #36,2020-11-07T09:30:12.229Z
4745886,1394,532246,193,1237.2947,COMPLETED,ios,APPLE_WATCH,CARDIO,Intervals #36,2020-11-07T09:30:01.711Z
4745847,1394,89907,194,1234.8888,COMPLETED,ios,TICKR X E3A2,CARDIO,Intervals #36,2020-11-07T09:30:01.17Z
4745787,1394,47238,195,1229.405,COMPLETED,ios,APPLE_WATCH,CARDIO,Intervals #36,2020-11-07T09:30:00.909Z
4745894,1394,533322,196,1230.2415,COMPLETED,ios,APPLE_WATCH,CARDIO,Intervals #36,2020-11-07T09:30:01.845Z
4745863,1394,481244,197,1200.4694,COMPLETED,ios,MYZONE-0001499293,CARDIO,Intervals #36,2020-11-07T09:30:01.382Z
4745816,1394,506013,198,1196.9447,COMPLETED,ios,APPLE_WATCH,CARDIO,Intervals #36,2020-11-07T09:30:01.024Z
4745901,1394,470753,199,1187.4924,COMPLETED,ios,APPLE_WATCH,CARDIO,Intervals #36,2020-11-07T09:30:02.011Z
4745808,1394,497328,200,1186.3171,COMPLETED,ios,APPLE_WATCH,CARDIO,Intervals #36,2020-11-07T09:30:00.991Z
4745752,1394,280353,201,1178.7919,COMPLETED,ios,FIIT 097550,CARDIO,Intervals #36,2020-11-07T09:30:00.754Z
4745904,1394,472665,202,1174.6501,COMPLETED,ios,TICKR X 7E01,CARDIO,Intervals #36,2020-11-07T09:30:02.211Z
4745950,1394,552569,203,1162.6306,COMPLETED,ios,heart rate sensor,CARDIO,Intervals #36,2020-11-07T09:30:10.645Z
4745858,1394,272348,204,1161.7935,COMPLETED,ios,TICKR X 286F,CARDIO,Intervals #36,2020-11-07T09:30:01.299Z
4746000,1394,441606,205,,STARTED,android,TICKR X 5D4E,CARDIO,Intervals #36,2020-11-07T09:30:12.593Z
4745779,1394,158255,206,1152.4644,COMPLETED,ios,APPLE_WATCH,CARDIO,Intervals #36,2020-11-07T09:30:00.854Z
4745730,1394,3190,207,1141.2296,COMPLETED,ios,TICKR X B921,CARDIO,Intervals #36,2020-11-07T09:30:00.653Z
4745992,1394,410107,208,1138.904,COMPLETED,ios,TICKR X 7BA9,CARDIO,Intervals #36,2020-11-07T09:30:11.767Z
4745736,1394,131018,209,1125.0513,COMPLETED,ios,TICKR X DDB5,CARDIO,Intervals #36,2020-11-07T09:30:00.693Z
4745939,1394,518717,210,1112.7292,COMPLETED,ios,MYZONE-0001885789,CARDIO,Intervals #36,2020-11-07T09:30:03.832Z
4745988,1394,459743,211,1095.5764,COMPLETED,ios,FIIT B06D30,CARDIO,Intervals #36,2020-11-07T09:30:11.538Z
4745852,1394,181025,212,1079.5187,COMPLETED,ios,TICKR X 3E2B,CARDIO,Intervals #36,2020-11-07T09:30:01.241Z
4746012,1394,544566,213,1075.5525,COMPLETED,ios,TICKR X F622,CARDIO,Intervals #36,2020-11-07T09:30:16.803Z
4745761,1394,408120,214,1071.978,COMPLETED,ios,TICKR X 4D44,CARDIO,Intervals #36,2020-11-07T09:30:00.782Z
4745732,1394,362259,215,1061.7188,COMPLETED,ios,TICKR X 2BA0,CARDIO,Intervals #36,2020-11-07T09:30:00.676Z
4745821,1394,42032,216,1057.5245,COMPLETED,ios,APPLE_WATCH,CARDIO,Intervals #36,2020-11-07T09:30:01.042Z
4745930,1394,378104,217,1041.3754,COMPLETED,android,Versa 3,CARDIO,Intervals #36,2020-11-07T09:30:03.218Z
4745776,1394,123345,218,872.659,COMPLETED,ios,TICKR 6C30,CARDIO,Intervals #36,2020-11-07T09:30:00.842Z
4745805,1394,168875,219,865.2175,COMPLETED,ios,APPLE_WATCH,CARDIO,Intervals #36,2020-11-07T09:30:00.977Z
4745889,1394,545034,220,845.9358,COMPLETED,ios,Wahoo HRM v2.1,CARDIO,Intervals #36,2020-11-07T09:30:01.804Z
4745794,1394,270798,221,705.27924,COMPLETED,ios,TICKR X 8AE9,CARDIO,Intervals #36,2020-11-07T09:30:00.947Z
4745829,1394,489825,222,704.3277,COMPLETED,ios,TICKR 3E11,CARDIO,Intervals #36,2020-11-07T09:30:01.087Z
4746028,1394,120927,223,703.924,COMPLETED,ios,TICKR X 3D26,CARDIO,Intervals #36,2020-11-07T09:30:17.869Z
4745719,1394,553292,224,602.9487,QUIT,ios,TICKR X 2714,CARDIO,Intervals #36,2020-11-07T09:30:00.493Z
4745959,1394,152668,225,575.6532,COMPLETED,ios,APPLE_WATCH,CARDIO,Intervals #36,2020-11-07T09:30:10.962Z
4745762,1394,509616,226,554.07513,QUIT,ios,TICKR X 4841,CARDIO,Intervals #36,2020-11-07T09:30:00.789Z
4745892,1394,158471,227,420.05927,CANCELLED,ios,TICKR X 120D,CARDIO,Intervals #36,2020-11-07T09:30:01.834Z
4745943,1394,158741,228,296.3949,QUIT,ios,TICKR X 680A,CARDIO,Intervals #36,2020-11-07T09:30:04.587Z
4746018,1394,439818,229,238.69127,CANCELLED,ios,TICKR X 2CF2,CARDIO,Intervals #36,2020-11-07T09:30:17.182Z
4745936,1394,165779,230,142.69987,COMPLETED,android,TICKR X E081,CARDIO,Intervals #36,2020-11-07T09:30:03.549Z
4745874,1394,316801,231,13.467917,CANCELLED,ios,FIIT 863936,CARDIO,Intervals #36,2020-11-07T09:30:01.576Z
4745954,1394,501527,232,,CANCELLED,ios,MYZONE-0001541923,CARDIO,Intervals #36,2020-11-07T09:30:10.8Z
4745990,1394,258655,232,,COMPLETED,android,TICKR X B141,CARDIO,Intervals #36,2020-11-07T09:30:11.668Z
4745977,1394,410102,232,,CANCELLED,ios,TICKR X 236A,CARDIO,Intervals #36,2020-11-07T09:30:11.33Z
4745919,1394,414176,232,,COMPLETED,android,TICKR 17DD,CARDIO,Intervals #36,2020-11-07T09:30:02.932Z
4746016,1394,479615,232,,CANCELLED,ios,APPLE_WATCH,CARDIO,Intervals #36,2020-11-07T09:30:17.038Z
4745870,1394,516862,232,,CANCELLED,ios,TICKR X CFD3,CARDIO,Intervals #36,2020-11-07T09:30:01.482Z
4745969,1394,365479,232,,CANCELLED,ios,TICKR X 449D,CARDIO,Intervals #36,2020-11-07T09:30:11.276Z
4745771,1394,282347,232,,CANCELLED,ios,TICKR X 12D4,CARDIO,Intervals #36,2020-11-07T09:30:00.823Z
4746021,1394,209414,232,,CANCELLED,ios,APPLE_WATCH,CARDIO,Intervals #36,2020-11-07T09:30:17.361Z
4746009,1394,509722,232,,COMPLETED,android,TICKR X C771,CARDIO,Intervals #36,2020-11-07T09:30:15.436Z
4745926,1394,311353,232,,CANCELLED,android,Versa 2,CARDIO,Intervals #36,2020-11-07T09:30:03.129Z
4745916,1394,470428,232,1599.0634,COMPLETED,android,FIIT 9CACBA,CARDIO,Intervals #36,2020-11-07T09:30:02.719Z
4745909,1394,205800,232,,CANCELLED,android,TICKR X D7C9,CARDIO,Intervals #36,2020-11-07T09:30:02.291Z
4746007,1394,287396,232,17.682476,CANCELLED,ios,TICKR X C51A,CARDIO,Intervals #36,2020-11-07T09:30:14.039Z
4745890,1394,146407,232,,CANCELLED,ios,APPLE_WATCH,CARDIO,Intervals #36,2020-11-07T09:30:01.812Z
4745913,1394,166426,232,,COMPLETED,ios,APPLE_WATCH,CARDIO,Intervals #36,2020-11-07T09:30:02.423Z
4745865,1394,559628,232,,CANCELLED,ios,APPLE_WATCH,CARDIO,Intervals #36,2020-11-07T09:30:01.406Z
4745935,1394,512606,,,COMPLETED,android,,CARDIO,Intervals #36,2020-11-07T09:30:03.548Z
4745998,1394,227242,,,COMPLETED,ios,,CARDIO,Intervals #36,2020-11-07T09:30:12.341Z
4746010,1394,396641,,,COMPLETED,ios,,CARDIO,Intervals #36,2020-11-07T09:30:16.725Z
4745722,1394,557122,,,COMPLETED,ios,,CARDIO,Intervals #36,2020-11-07T09:30:00.518Z
4745984,1394,156105,,,COMPLETED,ios,,CARDIO,Intervals #36,2020-11-07T09:30:11.442Z
4746024,1394,227387,,,COMPLETED,ios,,CARDIO,Intervals #36,2020-11-07T09:30:17.55Z
4745887,1394,128031,,,CANCELLED,ios,APPLE_WATCH,CARDIO,Intervals #36,2020-11-07T09:30:01.72Z
4745906,1394,82639,,,COMPLETED,ios,,CARDIO,Intervals #36,2020-11-07T09:30:02.281Z
4746026,1394,263369,,,COMPLETED,android,,CARDIO,Intervals #36,2020-11-07T09:30:17.798Z
4745966,1394,450096,,,COMPLETED,ios,,CARDIO,Intervals #36,2020-11-07T09:30:11.203Z
4745893,1394,557180,,,COMPLETED,ios,,CARDIO,Intervals #36,2020-11-07T09:30:01.836Z
4745747,1394,343800,,,CANCELLED,ios,,CARDIO,Intervals #36,2020-11-07T09:30:00.749Z
4745972,1394,462368,,,COMPLETED,ios,,CARDIO,Intervals #36,2020-11-07T09:30:11.302Z
4745971,1394,523935,,,COMPLETED,android,,CARDIO,Intervals #36,2020-11-07T09:30:11.297Z
4745929,1394,448939,,,COMPLETED,android,,CARDIO,Intervals #36,2020-11-07T09:30:03.218Z
4746027,1394,148953,,,COMPLETED,ios,,CARDIO,Intervals #36,2020-11-07T09:30:17.841Z
4745960,1394,416487,,,COMPLETED,ios,,CARDIO,Intervals #36,2020-11-07T09:30:10.969Z
4745826,1394,213568,,,COMPLETED,ios,,CARDIO,Intervals #36,2020-11-07T09:30:01.067Z
4745777,1394,19329,,,COMPLETED,ios,,CARDIO,Intervals #36,2020-11-07T09:30:00.844Z
4746008,1394,402416,,,COMPLETED,ios,,CARDIO,Intervals #36,2020-11-07T09:30:15.324Z
4745948,1394,553489,,,COMPLETED,ios,,CARDIO,Intervals #36,2020-11-07T09:30:09.21Z
4745938,1394,523423,,,COMPLETED,android,,CARDIO,Intervals #36,2020-11-07T09:30:03.746Z
4745970,1394,558307,,,COMPLETED,ios,,CARDIO,Intervals #36,2020-11-07T09:30:11.277Z
4745818,1394,486718,,,COMPLETED,ios,,CARDIO,Intervals #36,2020-11-07T09:30:01.031Z
4745751,1394,474134,,,COMPLETED,ios,,CARDIO,Intervals #36,2020-11-07T09:30:00.753Z
4745931,1394,532308,,,COMPLETED,ios,,CARDIO,Intervals #36,2020-11-07T09:30:03.222Z
4745797,1394,218242,,,COMPLETED,ios,,CARDIO,Intervals #36,2020-11-07T09:30:00.955Z
4745830,1394,547519,,,COMPLETED,ios,,CARDIO,Intervals #36,2020-11-07T09:30:01.089Z
4745840,1394,392606,,,COMPLETED,ios,,CARDIO,Intervals #36,2020-11-07T09:30:01.146Z
4745923,1394,155547,,,COMPLETED,android,,CARDIO,Intervals #36,2020-11-07T09:30:03.066Z
4745838,1394,98770,,,COMPLETED,ios,,CARDIO,Intervals #36,2020-11-07T09:30:01.139Z
4745956,1394,356326,,,QUIT,ios,,CARDIO,Intervals #36,2020-11-07T09:30:10.859Z
4745905,1394,419496,,,COMPLETED,ios,,CARDIO,Intervals #36,2020-11-07T09:30:02.236Z
4745859,1394,423480,,,STARTED,ios,Versa 2,CARDIO,Intervals #36,2020-11-07T09:30:01.305Z
4746003,1394,419022,,,COMPLETED,android,,CARDIO,Intervals #36,2020-11-07T09:30:13.321Z
